{"productId":20,"categoryId":4,"productName":"Bose Soundlink Bluetooth Speaker III","price":269.99,"description":"Meet the speaker that brings your music and friends together-with a style that's all your own. The SoundLink® Bluetooth speaker III is our best-performing mobile Bluetooth speaker. It plays louder and longer than its popular predecessor, with advanced Bose® technologies that reproduce the fullness, clarity and depth of your music. And a colorful assortment of optional covers let you personalize your speaker.","imageUrl":"4200","attributes":[{"attributeName":"WEIGHT","attributeValue":"3.03 lb"},{"attributeName":"CONNECTOR","attributeValue":"Wireless"},{"attributeName":"MANUFACTURER","attributeValue":"Bose"},{"attributeName":"COMPATIBILITY","attributeValue":"Any device that has bluetooth enabled"},{"attributeName":"WIRELESS TECHNOLOGY","attributeValue":"Bluetooh®"}],"colors":[{"code":"414141","name":"BLACK","inStock":10},{"code":"C3C3C3","name":"GRAY","inStock":10}],"images":["ABCDEF##4200"],"productStatus":"Active"}