{"sl":{"auto":"Определить язык","az":"азербайджанский","sq":"албанский","am":"амхарский","en":"английский","ar":"арабский","hy":"армянский","af":"африкаанс","eu":"баскский","be":"белорусский","bn":"бенгальский","my":"бирманский","bg":"болгарский","bs":"боснийский","cy":"валлийский","hu":"венгерский","vi":"вьетнамский","haw":"гавайский","gl":"галисийский","el":"греческий","ka":"грузинский","gn":"гуарани","gu":"гуджарати","da":"датский","zu":"зулу","iw":"иврит","ig":"игбо","yi":"идиш","id":"индонезийский","ga":"ирландский","is":"исландский","es":"испанский","it":"итальянский","yo":"йоруба","kk":"казахский","kn":"каннада","ca":"каталанский","qu":"кечуа","ky":"киргизский","zh-CN":"китайский","ko":"корейский","co":"корсиканский","xh":"коса","ht":"креольский (гаити)","kri":"крио","ku":"курдский (курманджи)","ckb":"курдский (сорани)","km":"кхмерский","lo":"лаосский","la":"латинский","lv":"латышский","ln":"лингала","lt":"литовский","lg":"луганда","lb":"люксембургский","mk":"македонский","mg":"малагасийский","ms":"малайский","ml":"малаялам","mt":"мальтийский","mi":"маори","mr":"маратхи","mn":"монгольский","de":"немецкий","ne":"непальский","nl":"нидерландский","no":"норвежский","or":"ория","om":"оромо","pa":"панджаби","fa":"персидский","pl":"польский","pt":"португальский","ps":"пушту","rw":"руанда","ro":"румынский","ru":"русский","sm":"самоанский","ceb":"себуанский","nso":"сепеди","sr":"сербский","st":"сесото","si":"сингальский","sd":"синдхи","sk":"словацкий","sl":"словенский","so":"сомалийский","sw":"суахили","su":"сунданский","tg":"таджикский","th":"тайский","ta":"тамильский","tt":"татарский","te":"телугу","ti":"тигринья","tr":"турецкий","tk":"туркменский","uz":"узбекский","ug":"уйгурский","uk":"украинский","ur":"урду","tl":"филиппинский","fi":"финский","fr":"французский","fy":"фризский","ha":"хауса","hi":"хинди","hmn":"хмонг","hr":"хорватский","ak":"чви","ny":"чева","cs":"чешский","sv":"шведский","sn":"шона","gd":"шотландский (гэльский)","ee":"эве","eo":"эсперанто","et":"эстонский","jw":"яванский","ja":"японский"},"tl":{"az":"азербайджанский","sq":"албанский","am":"амхарский","en":"английский","ar":"арабский","hy":"армянский","af":"африкаанс","eu":"баскский","be":"белорусский","bn":"бенгальский","my":"бирманский","bg":"болгарский","bs":"боснийский","cy":"валлийский","hu":"венгерский","vi":"вьетнамский","haw":"гавайский","gl":"галисийский","el":"греческий","ka":"грузинский","gn":"гуарани","gu":"гуджарати","da":"датский","zu":"зулу","iw":"иврит","ig":"игбо","yi":"идиш","id":"индонезийский","ga":"ирландский","is":"исландский","es":"испанский","it":"итальянский","yo":"йоруба","kk":"казахский","kn":"каннада","ca":"каталанский","qu":"кечуа","ky":"киргизский","zh-TW":"китайский (традиционный)","zh-CN":"китайский (упрощенный)","ko":"корейский","co":"корсиканский","xh":"коса","ht":"креольский (гаити)","kri":"крио","ku":"курдский (курманджи)","ckb":"курдский (сорани)","km":"кхмерский","lo":"лаосский","la":"латинский","lv":"латышский","ln":"лингала","lt":"литовский","lg":"луганда","lb":"люксембургский","mk":"македонский","mg":"малагасийский","ms":"малайский","ml":"малаялам","mt":"мальтийский","mi":"маори","mr":"маратхи","mn":"монгольский","de":"немецкий","ne":"непальский","nl":"нидерландский","no":"норвежский","or":"ория","om":"оромо","pa":"панджаби","fa":"персидский","pl":"польский","pt":"португальский","ps":"пушту","rw":"руанда","ro":"румынский","ru":"русский","sm":"самоанский","ceb":"себуанский","nso":"сепеди","sr":"сербский","st":"сесото","si":"сингальский","sd":"синдхи","sk":"словацкий","sl":"словенский","so":"сомалийский","sw":"суахили","su":"сунданский","tg":"таджикский","th":"тайский","ta":"тамильский","tt":"татарский","te":"телугу","ti":"тигринья","tr":"турецкий","tk":"туркменский","uz":"узбекский","ug":"уйгурский","uk":"украинский","ur":"урду","tl":"филиппинский","fi":"финский","fr":"французский","fy":"фризский","ha":"хауса","hi":"хинди","hmn":"хмонг","hr":"хорватский","ak":"чви","ny":"чева","cs":"чешский","sv":"шведский","sn":"шона","gd":"шотландский (гэльский)","ee":"эве","eo":"эсперанто","et":"эстонский","jw":"яванский","ja":"японский"},"al":{}}